Column,Missing_Count,Missing_Percent
Hospital_Beds_per_1000_YoY_Change,31,55.36
Confirmed_Malaria_Cases_YoY_Change,24,42.86
Confirmed_Malaria_Cases_YoY_Diff,24,42.86
Basic_Sanitation_Access_Percent_YoY_Diff,21,37.5
Confirmed_Malaria_Cases,20,35.71
Basic_Sanitation_Access_Percent,18,32.14
Urban_Population_Percent_YoY_Change,17,30.36
Basic_Sanitation_Access_Percent_YoY_Change,17,30.36
Urban_Population_Percent_YoY_Diff,17,30.36
Urban_Population_Percent,14,25.0
Basic_Water_Access_Percent_YoY_Diff,9,16.07
Basic_Water_Access_Percent,5,8.93
Temperature_Avg_C_YoY_Change,4,7.14
Estimated_Malaria_Deaths_YoY_Change,4,7.14
Estimated_Malaria_Deaths_YoY_Diff,4,7.14
Estimated_Malaria_Cases_YoY_Diff,4,7.14
Estimated_Malaria_Cases_YoY_Change,4,7.14
Temperature_Max_C_YoY_Change,4,7.14
Temperature_Min_C_YoY_Diff,4,7.14
GDP_per_Capita_USD_YoY_Diff,4,7.14
Humidity_Percent_YoY_Change,4,7.14
Precipitation_mm_YoY_Change,4,7.14
Precipitation_mm_YoY_Diff,4,7.14
Temperature_Min_C_YoY_Change,4,7.14
Temperature_Max_C_YoY_Diff,4,7.14
Basic_Water_Access_Percent_YoY_Change,4,7.14
Humidity_Percent_YoY_Diff,4,7.14
Total_Population_YoY_Diff,4,7.14
GDP_per_Capita_USD_YoY_Change,4,7.14
Rural_Population_Percent_YoY_Change,4,7.14
Rural_Population_Percent_YoY_Diff,4,7.14
Under5_Mortality_per_1000_YoY_Diff,4,7.14
Total_Population_YoY_Change,4,7.14
Under5_Mortality_per_1000_YoY_Change,4,7.14
Temperature_Avg_C_YoY_Diff,4,7.14
Year_Since_Start,0,0.0
Under5_Mortality_per_1000,0,0.0
Total_Population,0,0.0
Rural_Population_Percent,0,0.0
GDP_per_Capita_USD,0,0.0
Temperature_Min_C,0,0.0
Precipitation_mm,0,0.0
Humidity_Percent,0,0.0
Temperature_Avg_C,0,0.0
Estimated_Malaria_Deaths,0,0.0
Estimated_Malaria_Cases,0,0.0
Temperature_Max_C,0,0.0
Year,0,0.0
Country,0,0.0
Country_Code,0,0.0
Year_Normalized,0,0.0
