Country_Code,Country,Year,Indicator,Value,Low_Estimate,High_Estimate
COD,DRC,2011,Estimated_Malaria_Cases,25487463.0,20471213.23,31344695.6
COD,DRC,2014,Estimated_Malaria_Cases,23145609.0,18078865.48,29319885.3
COD,DRC,2017,Estimated_Malaria_Cases,28184814.0,21306077.38,36510895.43
COD,DRC,2013,Estimated_Malaria_Cases,23362975.0,18508272.9,29120551.4
COD,DRC,2019,Estimated_Malaria_Cases,31375811.0,23634217.23,40968760.8
COD,DRC,2022,Estimated_Malaria_Cases,32494208.0,24372383.58,42596665.2
COD,DRC,2020,Estimated_Malaria_Cases,32048791.0,24121666.28,41609378.1
COD,DRC,2018,Estimated_Malaria_Cases,30496955.0,23184476.73,39112002.0
COD,DRC,2015,Estimated_Malaria_Cases,24367802.0,18654691.85,31291405.65
COD,DRC,2016,Estimated_Malaria_Cases,25906528.0,19560040.1,33652285.5
COD,DRC,2012,Estimated_Malaria_Cases,24457277.0,19458506.5,30275287.33
COD,DRC,2021,Estimated_Malaria_Cases,32658597.0,24825701.58,42534799.38
COD,DRC,2023,Estimated_Malaria_Cases,33140568.0,24826292.8,43538089.78
COD,DRC,2010,Estimated_Malaria_Cases,26169279.0,21136287.38,31875727.38
COG,Congo,2023,Estimated_Malaria_Cases,1327964.0,842435.225,1998771.975
COG,Congo,2013,Estimated_Malaria_Cases,1047544.0,683096.45,1535650.9
COG,Congo,2012,Estimated_Malaria_Cases,1018160.0,669638.7,1483385.8
COG,Congo,2015,Estimated_Malaria_Cases,1061130.0,700592.55,1550247.65
COG,Congo,2019,Estimated_Malaria_Cases,1355870.0,974050.95,1858460.65
COG,Congo,2011,Estimated_Malaria_Cases,996918.0,652258.6,1459780.45
COG,Congo,2016,Estimated_Malaria_Cases,1122384.0,724357.05,1659444.175
COG,Congo,2018,Estimated_Malaria_Cases,1362532.0,975896.65,1872784.725
COG,Congo,2014,Estimated_Malaria_Cases,1045629.0,684151.125,1530779.85
COG,Congo,2020,Estimated_Malaria_Cases,1347457.0,953263.05,1849927.225
COG,Congo,2022,Estimated_Malaria_Cases,1297445.0,845137.325,1916092.275
COG,Congo,2017,Estimated_Malaria_Cases,1264912.0,853746.975,1802035.625
COG,Congo,2021,Estimated_Malaria_Cases,1324656.0,907197.1,1876437.8
COG,Congo,2010,Estimated_Malaria_Cases,963481.0,635680.6,1411376.0
CAF,CAR,2010,Estimated_Malaria_Cases,1804734.0,1264678.35,2498833.7
CAF,CAR,2015,Estimated_Malaria_Cases,1636030.0,1057128.7,2431326.05
CAF,CAR,2018,Estimated_Malaria_Cases,1603950.0,1039270.425,2370855.275
CAF,CAR,2017,Estimated_Malaria_Cases,1592809.0,1016939.4,2383443.7
CAF,CAR,2021,Estimated_Malaria_Cases,1591901.0,1017536.6,2397716.075
CAF,CAR,2019,Estimated_Malaria_Cases,1601197.0,1047289.35,2350796.3
CAF,CAR,2016,Estimated_Malaria_Cases,1581031.0,988454.525,2376649.25
CAF,CAR,2020,Estimated_Malaria_Cases,1572324.0,1013052.075,2341574.9
CAF,CAR,2022,Estimated_Malaria_Cases,1561896.0,957267.375,2402070.95
CAF,CAR,2023,Estimated_Malaria_Cases,1574284.0,963346.4,2417245.275
CAF,CAR,2014,Estimated_Malaria_Cases,1706918.0,1126129.475,2487000.025
CAF,CAR,2013,Estimated_Malaria_Cases,1755885.0,1183557.475,2490577.625
CAF,CAR,2011,Estimated_Malaria_Cases,1781561.0,1226015.425,2531882.475
CAF,CAR,2012,Estimated_Malaria_Cases,1770867.0,1217141.525,2490227.0
CMR,Cameroon,2016,Estimated_Malaria_Cases,6345591.0,4553179.3,8610958.675
CMR,Cameroon,2023,Estimated_Malaria_Cases,7343057.0,5283814.15,10014934.93
CMR,Cameroon,2020,Estimated_Malaria_Cases,6653806.0,5090831.575,8556207.525
CMR,Cameroon,2019,Estimated_Malaria_Cases,6184095.0,4751771.75,7914839.625
CMR,Cameroon,2022,Estimated_Malaria_Cases,7266387.0,5601430.475,9312179.8
CMR,Cameroon,2011,Estimated_Malaria_Cases,5391333.0,4117535.575,6950559.125
CMR,Cameroon,2021,Estimated_Malaria_Cases,7061846.0,5503429.825,8973165.05
CMR,Cameroon,2010,Estimated_Malaria_Cases,5809649.0,4480560.925,7395851.05
CMR,Cameroon,2012,Estimated_Malaria_Cases,5448066.0,4041220.4,7236795.825
CMR,Cameroon,2014,Estimated_Malaria_Cases,6058606.0,4215959.75,8521077.475
CMR,Cameroon,2018,Estimated_Malaria_Cases,6171806.0,4717557.675,7929453.775
CMR,Cameroon,2015,Estimated_Malaria_Cases,6224449.0,4446989.5,8462102.3
CMR,Cameroon,2017,Estimated_Malaria_Cases,6272778.0,4574954.9,8311790.35
CMR,Cameroon,2013,Estimated_Malaria_Cases,5835551.0,4104180.7,8051876.425
COD,DRC,2010,Estimated_Malaria_Deaths,85123.0,72331.95,99685.225
COD,DRC,2022,Estimated_Malaria_Deaths,70024.0,44348.825,114324.225
COD,DRC,2016,Estimated_Malaria_Deaths,66971.0,50125.925,89066.175
COD,DRC,2011,Estimated_Malaria_Deaths,78483.0,65259.95,93263.05
COD,DRC,2019,Estimated_Malaria_Deaths,75254.0,52302.925,109107.075
COD,DRC,2014,Estimated_Malaria_Deaths,60156.0,47524.85,75646.0
COD,DRC,2023,Estimated_Malaria_Deaths,67464.0,43186.975,109815.375
COD,DRC,2021,Estimated_Malaria_Deaths,70300.0,45550.925,111304.075
COD,DRC,2012,Estimated_Malaria_Deaths,64511.0,52854.0,77835.05
COD,DRC,2015,Estimated_Malaria_Deaths,60443.0,46601.925,77660.35
COD,DRC,2020,Estimated_Malaria_Deaths,75025.0,50061.975,114516.275
COD,DRC,2017,Estimated_Malaria_Deaths,68597.0,50151.95,93582.125
COD,DRC,2018,Estimated_Malaria_Deaths,77570.0,55417.9,109370.125
COD,DRC,2013,Estimated_Malaria_Deaths,57471.0,46355.75,70720.125
COG,Congo,2021,Estimated_Malaria_Deaths,2219.0,1934.0,2771.025
COG,Congo,2012,Estimated_Malaria_Deaths,1914.0,1779.0,2056.0
COG,Congo,2011,Estimated_Malaria_Deaths,1885.0,1772.0,1999.0
COG,Congo,2015,Estimated_Malaria_Deaths,2018.0,1813.0,2287.0
COG,Congo,2014,Estimated_Malaria_Deaths,2030.0,1836.0,2269.0
COG,Congo,2010,Estimated_Malaria_Deaths,1854.0,1761.0,1953.0
COG,Congo,2016,Estimated_Malaria_Deaths,2071.0,1844.0,2396.0
COG,Congo,2020,Estimated_Malaria_Deaths,2238.0,1942.0,2786.0
COG,Congo,2013,Estimated_Malaria_Deaths,2029.0,1851.0,2230.0
COG,Congo,2018,Estimated_Malaria_Deaths,2233.0,1943.0,2700.0
COG,Congo,2023,Estimated_Malaria_Deaths,2244.0,1971.0,2814.0
COG,Congo,2019,Estimated_Malaria_Deaths,2230.0,1938.0,2723.0
COG,Congo,2017,Estimated_Malaria_Deaths,2107.0,1863.0,2478.0
COG,Congo,2022,Estimated_Malaria_Deaths,2236.0,1953.0,2815.0
CAF,CAR,2016,Estimated_Malaria_Deaths,4839.0,4198.0,5583.0
CAF,CAR,2012,Estimated_Malaria_Deaths,6239.0,5556.0,7022.0
CAF,CAR,2019,Estimated_Malaria_Deaths,4001.0,3373.0,4753.0
CAF,CAR,2015,Estimated_Malaria_Deaths,4335.0,3789.0,4963.0
CAF,CAR,2023,Estimated_Malaria_Deaths,5052.0,3904.975,6555.0
CAF,CAR,2020,Estimated_Malaria_Deaths,4053.0,3345.0,4932.025
CAF,CAR,2018,Estimated_Malaria_Deaths,4035.0,3444.0,4743.0
CAF,CAR,2013,Estimated_Malaria_Deaths,4177.0,3709.0,4724.0
CAF,CAR,2011,Estimated_Malaria_Deaths,5569.0,4981.0,6224.025
CAF,CAR,2021,Estimated_Malaria_Deaths,5107.0,4120.0,6383.0
CAF,CAR,2017,Estimated_Malaria_Deaths,4978.0,4277.0,5795.025
CAF,CAR,2014,Estimated_Malaria_Deaths,5838.0,5138.0,6643.025
CAF,CAR,2022,Estimated_Malaria_Deaths,5101.0,4008.0,6531.025
CAF,CAR,2010,Estimated_Malaria_Deaths,5592.0,5021.0,6220.0
CMR,Cameroon,2020,Estimated_Malaria_Deaths,13523.0,11256.975,16455.025
CMR,Cameroon,2014,Estimated_Malaria_Deaths,12229.0,11366.975,13126.0
CMR,Cameroon,2012,Estimated_Malaria_Deaths,12071.0,11276.0,12933.0
CMR,Cameroon,2013,Estimated_Malaria_Deaths,12222.0,11402.975,13122.025
CMR,Cameroon,2021,Estimated_Malaria_Deaths,12961.0,10713.0,16064.0
CMR,Cameroon,2011,Estimated_Malaria_Deaths,11870.0,11106.0,12701.0
CMR,Cameroon,2016,Estimated_Malaria_Deaths,12120.0,11191.975,13115.0
CMR,Cameroon,2023,Estimated_Malaria_Deaths,11602.0,9713.0,14280.025
CMR,Cameroon,2018,Estimated_Malaria_Deaths,11779.0,10686.0,13053.0
CMR,Cameroon,2017,Estimated_Malaria_Deaths,11922.0,10926.0,13015.0
CMR,Cameroon,2015,Estimated_Malaria_Deaths,12214.0,11329.0,13151.025
CMR,Cameroon,2022,Estimated_Malaria_Deaths,12779.0,10411.975,16186.0
CMR,Cameroon,2019,Estimated_Malaria_Deaths,11458.0,10242.0,12912.0
CMR,Cameroon,2010,Estimated_Malaria_Deaths,12439.0,11632.0,13306.0
COD,DRC,2019,Confirmed_Malaria_Cases,21934127.0,,
COD,DRC,2018,Confirmed_Malaria_Cases,16972207.0,,
COD,DRC,2020,Confirmed_Malaria_Cases,22590647.0,,
COD,DRC,2021,Confirmed_Malaria_Cases,21345031.0,,
COD,DRC,2015,Confirmed_Malaria_Cases,12538805.0,,
COD,DRC,2017,Confirmed_Malaria_Cases,16793002.0,,
COD,DRC,2022,Confirmed_Malaria_Cases,27296419.0,,
COD,DRC,2023,Confirmed_Malaria_Cases,27657762.0,,
COD,DRC,2016,Confirmed_Malaria_Cases,16821130.0,,
COG,Congo,2016,Confirmed_Malaria_Cases,171847.0,,
COG,Congo,2022,Confirmed_Malaria_Cases,364466.0,,
COG,Congo,2017,Confirmed_Malaria_Cases,127939.0,,
COG,Congo,2015,Confirmed_Malaria_Cases,51529.0,,
COG,Congo,2019,Confirmed_Malaria_Cases,117837.0,,
COG,Congo,2020,Confirmed_Malaria_Cases,91538.0,,
COG,Congo,2018,Confirmed_Malaria_Cases,116903.0,,
COG,Congo,2021,Confirmed_Malaria_Cases,189616.0,,
COG,Congo,2023,Confirmed_Malaria_Cases,517937.0,,
CAF,CAR,2018,Confirmed_Malaria_Cases,972119.0,,
CAF,CAR,2016,Confirmed_Malaria_Cases,1239317.0,,
CAF,CAR,2021,Confirmed_Malaria_Cases,2002149.0,,
CAF,CAR,2019,Confirmed_Malaria_Cases,2416960.0,,
CAF,CAR,2023,Confirmed_Malaria_Cases,1841126.0,,
CAF,CAR,2017,Confirmed_Malaria_Cases,411913.0,,
CAF,CAR,2015,Confirmed_Malaria_Cases,598833.0,,
CAF,CAR,2022,Confirmed_Malaria_Cases,2247250.0,,
CAF,CAR,2020,Confirmed_Malaria_Cases,1740970.0,,
CMR,Cameroon,2015,Confirmed_Malaria_Cases,1193281.0,,
CMR,Cameroon,2018,Confirmed_Malaria_Cases,2257633.0,,
CMR,Cameroon,2017,Confirmed_Malaria_Cases,2244788.0,,
CMR,Cameroon,2022,Confirmed_Malaria_Cases,3327381.0,,
CMR,Cameroon,2021,Confirmed_Malaria_Cases,3335174.0,,
CMR,Cameroon,2019,Confirmed_Malaria_Cases,2819803.0,,
CMR,Cameroon,2023,Confirmed_Malaria_Cases,2977754.0,,
CMR,Cameroon,2016,Confirmed_Malaria_Cases,2476153.0,,
CMR,Cameroon,2020,Confirmed_Malaria_Cases,2890193.0,,
